index,Order ID,Date,Status,Fulfilment,Sales Channel ,ship-service-level,Style,SKU,Category,Size,ASIN,Courier Status,Qty,currency,Amount,ship-city,ship-state,ship-postal-code,ship-country,promotion-ids,B2B,fulfilled-by
48879,171-7326790-9044369,3/31/2022,Shipped,Amazon,Amazon.in,Expedited,JNE3614,JNE3614-KR-L,kurta,L,B098133PV7,Shipped,1,INR,453.0,ARANI TIRUVANNAMALAI DISTRICT,TAMIL NADU,632317,IN,IN Core Free Shipping 2015/04/08 23-48-5-108,False,
48880,171-7326790-9044369,3/31/2022,Shipped,Amazon,Amazon.in,Expedited,JNE3294,JNE3294-KR-L,kurta,L,B07R5WM5YR,Shipped,1,INR,353.0,ARANI TIRUVANNAMALAI DISTRICT,TAMIL NADU,632317,IN,IN Core Free Shipping 2015/04/08 23-48-5-108,False,
48881,171-7192082-3049169,3/31/2022,Cancelled,Merchant,Amazon.in,Standard,JNE3461,JNE3461-KR-L,kurta,L,B08B3YWTLK,,0,INR,360.95,ARANI TIRUVANNAMALAI DISTRICT,TAMIL NADU,632317,IN,,False,Easy Ship
48882,402-9467302-4929937,3/31/2022,Shipped,Amazon,Amazon.in,Expedited,JNE3405,JNE3405-KR-XXXL,kurta,3XL,B081WZ4T3V,Shipped,1,INR,449.0,PANCHKULA,HARYANA,134116,IN,,False,
48883,405-1392423-9557138,3/31/2022,Shipped,Amazon,Amazon.in,Expedited,JNE3068,JNE3068-KR-A-L,kurta,L,B07H7D7NJZ,Shipped,1,INR,688.0,Tirupati,ANDHRA PRADESH,517501,IN,IN Core Free Shipping 2015/04/08 23-48-5-108,False,
48884,407-7904992-8992306,3/31/2022,Shipped,Amazon,Amazon.in,Expedited,J0281,J0281-SKD-L,Set,L,B08QGMNRBT,Shipped,1,INR,1496.0,JAGALUR,KARNATAKA,577528,IN,IN Core Free Shipping 2015/04/08 23-48-5-108,False,
48885,407-1987486-1549956,3/31/2022,Shipped,Amazon,Amazon.in,Expedited,SET268,SET268-KR-NP-XL,Set,XL,B08XQBF1G4,Shipped,1,INR,698.0,GURUGRAM,HARYANA,122018,IN,IN Core Free Shipping 2015/04/08 23-48-5-108,False,
48886,408-8834155-2110755,3/31/2022,Shipped,Amazon,Amazon.in,Expedited,J0126,J0126-SKD-M,Set,M,B08V1R5MMB,Shipped,1,INR,849.0,Bangalore,KARNATAKA,560097,IN,IN Core Free Shipping 2015/04/08 23-48-5-108,False,
48887,408-8834155-2110755,3/31/2022,Shipped,Amazon,Amazon.in,Expedited,SET227,SET227-KR-PP-A-M,Set,M,B08P1GQV6V,Shipped,1,INR,566.0,Bangalore,KARNATAKA,560097,IN,IN Core Free Shipping 2015/04/08 23-48-5-108,False,
48888,403-9181934-8229136,3/31/2022,Shipped,Amazon,Amazon.in,Expedited,JNE3504,JNE3504-KR-L,kurta,L,B097ZZNTK2,Shipped,1,INR,481.0,BENGALURU,KARNATAKA,560061,IN,,False,
48889,407-4780334-9970765,3/31/2022,Shipped,Amazon,Amazon.in,Expedited,SET280,SET280-KR-PP-S,Set,S,B09CT26LGZ,Shipped,1,INR,799.0,CHENNAI,TAMIL NADU,600125,IN,,False,
48890,402-7668856-0789906,3/31/2022,Shipped - Delivered to Buyer,Merchant,Amazon.in,Standard,JNE3797,JNE3797-KR-M,Western Dress,M,B09SDY8DCT,Shipped,1,INR,761.0,CHENNAI,TAMIL NADU,600026,IN,"Amazon PLCC Free-Financing Universal Merchant AAT-WNKTBO3K27EJC,Amazon PLCC Free-Financing Universal Merchant AAT-QX3UCCJESKPA2,Amazon PLCC Free-Financing Universal Merchant AAT-CXJHMC2YJUK76,Amazon PLCC Free-Financing Universal Merchant AAT-CC4FAVTYR4X7C,Amazon PLCC Free-Financing Universal Merchant AAT-XXRCW6NZEPZI4,Amazon PLCC Free-Financing Universal Merchant AAT-EOKPWFWYW7Y6I,Amazon PLCC Free-Financing Universal Merchant AAT-ZYL5UPUNW6T62,Amazon PLCC Free-Financing Universal Merchant AAT-G5ZRX4BZOIODU,Amazon PLCC Free-Financing Universal Merchant AAT-YFJA6XMAMWZSK,Amazon PLCC Free-Financing Universal Merchant AAT-K66BSCE2J2V5E,Amazon PLCC Free-Financing Universal Merchant AAT-DFM4OAAQ3RGPM,Amazon PLCC Free-Financing Universal Merchant AAT-TNYBHEAO7HOHO,Amazon PLCC Free-Financing Universal Merchant AAT-BRSZZ45H6MHAO,Amazon PLCC Free-Financing Universal Merchant AAT-MKLXOOZWQL7GO,Amazon PLCC Free-Financing Universal Merchant AAT-CB7UNXEXGIJTC,Amazon PLCC Free-Financing Universal Merchant #MP-gzasho-1593152694811,Amazon PLCC Free-Financing Universal Merchant AAT-WLBA4GZ52EAH4,Amazon PLCC Free-Financing Universal Merchant AAT-QMFZ3M7T5NPDS,Amazon PLCC Free-Financing Universal Merchant #MP-pmilan-1601980554292",False,Easy Ship
48891,403-5713213-8502730,3/31/2022,Shipped - Delivered to Buyer,Merchant,Amazon.in,Standard,JNE3440,JNE3440-KR-N-M,kurta,M,B081WY1SP3,Shipped,1,INR,379.0,KOLKATA,WEST BENGAL,700034,IN,"Amazon PLCC Free-Financing Universal Merchant AAT-WNKTBO3K27EJC,Amazon PLCC Free-Financing Universal Merchant AAT-QX3UCCJESKPA2,Amazon PLCC Free-Financing Universal Merchant AAT-CXJHMC2YJUK76,Amazon PLCC Free-Financing Universal Merchant AAT-CC4FAVTYR4X7C,Amazon PLCC Free-Financing Universal Merchant AAT-XXRCW6NZEPZI4,Amazon PLCC Free-Financing Universal Merchant AAT-EOKPWFWYW7Y6I,Amazon PLCC Free-Financing Universal Merchant AAT-ZYL5UPUNW6T62,Amazon PLCC Free-Financing Universal Merchant AAT-G5ZRX4BZOIODU,Amazon PLCC Free-Financing Universal Merchant AAT-YFJA6XMAMWZSK,Amazon PLCC Free-Financing Universal Merchant AAT-K66BSCE2J2V5E,Amazon PLCC Free-Financing Universal Merchant AAT-DFM4OAAQ3RGPM,Amazon PLCC Free-Financing Universal Merchant AAT-BRSZZ45H6MHAO,Amazon PLCC Free-Financing Universal Merchant AAT-MKLXOOZWQL7GO,Amazon PLCC Free-Financing Universal Merchant AAT-CB7UNXEXGIJTC,Amazon PLCC Free-Financing Universal Merchant #MP-gzasho-1593152694811,Amazon PLCC Free-Financing Universal Merchant AAT-WLBA4GZ52EAH4",False,Easy Ship
48892,408-3697122-8357133,3/31/2022,Cancelled,Amazon,Amazon.in,Expedited,J0230,J0230-SKD-L,Set,L,B08XNDL1DL,Cancelled,0,,,BENGALURU,KARNATAKA,560035,IN,,False,
48893,407-4410431-5257168,3/31/2022,Shipped,Amazon,Amazon.in,Expedited,SET380,SET380-KR-NP-L,Set,L,B09QJ3T2Z4,Shipped,1,INR,984.0,BENGALURU,KARNATAKA,560041,IN,IN Core Free Shipping 2015/04/08 23-48-5-108,False,
48894,406-4348588-3701933,3/31/2022,Shipped,Amazon,Amazon.in,Expedited,SET317,SET317-KR-PP-XS,Set,XS,B09RKKTHC2,Shipped,1,INR,1201.0,NEW DELHI,DELHI,110024,IN,,False,
48895,406-4348588-3701933,3/31/2022,Shipped,Amazon,Amazon.in,Expedited,SET184,SET184-KR-PP-XS,Set,XS,B08W9F5KML,Shipped,1,INR,599.0,NEW DELHI,DELHI,110024,IN,,False,
48896,406-2329571-0735529,3/31/2022,Shipped,Amazon,Amazon.in,Expedited,J0127,J0127-SKD-XS,Set,XS,B08QGMPRVV,Shipped,1,INR,1199.0,NEW DELHI,DELHI,110024,IN,IN Core Free Shipping 2015/04/08 23-48-5-108,False,
48897,402-3383741-5179527,3/31/2022,Shipped,Amazon,Amazon.in,Expedited,JNE3638,JNE3638-KR-XL,kurta,XL,B09812STL3,Shipped,1,INR,499.0,MHOW,MADHYA PRADESH,453441,IN,IN Core Free Shipping 2015/04/08 23-48-5-108,False,
48898,408-2513408-8602736,3/31/2022,Shipped,Amazon,Amazon.in,Expedited,JNE3160,JNE3160-KR-G-M,kurta,M,B07K41S1J4,Shipped,1,INR,599.0,BENGALURU,KARNATAKA,560071,IN,IN Core Free Shipping 2015/04/08 23-48-5-108,False,
48899,171-7576304-0188338,3/31/2022,Shipped,Amazon,Amazon.in,Expedited,JNE3684,JNE3684-TU-S,Top,S,B094381F4W,Shipped,1,INR,315.0,BENGALURU,KARNATAKA,560105,IN,,False,
48900,407-9562445-9572337,3/31/2022,Shipped,Amazon,Amazon.in,Expedited,JNE2199,JNE2199-KR-411-A-XL,kurta,XL,B07BL27M99,Shipped,1,INR,394.0,KARNAL,HARYANA,132001,IN,IN Core Free Shipping 2015/04/08 23-48-5-108,False,
48901,407-9562445-9572337,3/31/2022,Shipped,Amazon,Amazon.in,Expedited,JNE3415,JNE3415-KR-XL,kurta,XL,B082W8SRVT,Shipped,1,INR,297.0,KARNAL,HARYANA,132001,IN,IN Core Free Shipping 2015/04/08 23-48-5-108,False,
48902,407-9562445-9572337,3/31/2022,Shipped,Amazon,Amazon.in,Expedited,JNE3465,JNE3465-KR-L,kurta,L,B08BFLKNGJ,Cancelled,0,,,KARNAL,HARYANA,132001,IN,IN Core Free Shipping 2015/04/08 23-48-5-108,False,
48903,407-9562445-9572337,3/31/2022,Shipped,Amazon,Amazon.in,Expedited,JNE3291,JNE3291-KR-XL,kurta,XL,B07R4XJNW3,Shipped,1,INR,399.0,KARNAL,HARYANA,132001,IN,IN Core Free Shipping 2015/04/08 23-48-5-108,False,
48904,408-8949109-9614720,3/31/2022,Shipped,Amazon,Amazon.in,Expedited,PJNE3373,PJNE3373-KR-N-6XL,kurta,6XL,B09LD3TCYP,Shipped,1,INR,561.0,LUCKNOW,UTTAR PRADESH,226010,IN,IN Core Free Shipping 2015/04/08 23-48-5-108,False,
48905,408-0304432-7862751,3/31/2022,Shipped,Amazon,Amazon.in,Expedited,JNE3675,JNE3675-TU-XXXL,Top,3XL,B0943DKGXG,Shipped,1,INR,499.0,CHENNAI,TAMIL NADU,600069,IN,IN Core Free Shipping 2015/04/08 23-48-5-108,False,
48906,403-0545732-1280330,3/31/2022,Shipped,Amazon,Amazon.in,Expedited,JNE3396,JNE3396-KR-M,kurta,M,B083ZZZ7W5,Shipped,1,INR,399.0,CHENNAI,TAMIL NADU,600099,IN,,False,
48907,402-4667276-5874718,3/31/2022,Shipped,Amazon,Amazon.in,Expedited,SET239,SET239-KR-NP-S,Set,S,B08TZD8JD6,Shipped,1,INR,648.0,NEW DELHI,DELHI,110015,IN,IN Core Free Shipping 2015/04/08 23-48-5-108,False,
48908,406-1619620-4239554,3/31/2022,Shipped,Amazon,Amazon.in,Expedited,MEN5010,MEN5010-KR-M,kurta,M,B08YZ1LYHJ,Shipped,1,INR,472.0,KANPUR,UTTAR PRADESH,208016,IN,,False,
48909,404-9365790-8203566,3/31/2022,Shipped - Delivered to Buyer,Merchant,Amazon.in,Standard,JNE3686,JNE3686-TU-XXL,Top,XXL,B0943KXKSP,Shipped,1,INR,446.0,GANDHINAGAR,Gujarat,382007,IN,"Amazon PLCC Free-Financing Universal Merchant AAT-WNKTBO3K27EJC,Amazon PLCC Free-Financing Universal Merchant AAT-QX3UCCJESKPA2,Amazon PLCC Free-Financing Universal Merchant AAT-CXJHMC2YJUK76,Amazon PLCC Free-Financing Universal Merchant AAT-SL3Y2YRMAUNFC,Amazon PLCC Free-Financing Universal Merchant AAT-CC4FAVTYR4X7C,Amazon PLCC Free-Financing Universal Merchant AAT-XXRCW6NZEPZI4,Amazon PLCC Free-Financing Universal Merchant AAT-R7GXNZWISTRFA,Amazon PLCC Free-Financing Universal Merchant AAT-EOKPWFWYW7Y6I,Amazon PLCC Free-Financing Universal Merchant AAT-ZYL5UPUNW6T62,Amazon PLCC Free-Financing Universal Merchant AAT-G5ZRX4BZOIODU,Amazon PLCC Free-Financing Universal Merchant AAT-P3CSUAK4HTEP2,Amazon PLCC Free-Financing Universal Merchant AAT-YFJA6XMAMWZSK,Amazon PLCC Free-Financing Universal Merchant AAT-K66BSCE2J2V5E,Amazon PLCC Free-Financing Universal Merchant AAT-DFM4OAAQ3RGPM,Amazon PLCC Free-Financing Universal Merchant AAT-TNYBHEAO7HOHO,Amazon PLCC Free-Financing Universal Merchant AAT-BRSZZ45H6MHAO,Amazon PLCC Free-Financing Universal Merchant AAT-MKLXOOZWQL7GO,Amazon PLCC Free-Financing Universal Merchant AAT-CB7UNXEXGIJTC,Amazon PLCC Free-Financing Universal Merchant #MP-gzasho-1593152694811,Amazon PLCC Free-Financing Universal Merchant AAT-WLBA4GZ52EAH4,Amazon PLCC Free-Financing Universal Merchant AAT-QMFZ3M7T5NPDS,Amazon PLCC Free-Financing Universal Merchant #MP-pmilan-1601980554292",False,Easy Ship
48910,408-3928795-7624361,3/31/2022,Shipped,Amazon,Amazon.in,Expedited,JNE3368,JNE3368-KR-XL,kurta,XL,B081X921QM,Shipped,1,INR,449.0,PATHANAMTHITTA,KERALA,689545,IN,IN Core Free Shipping 2015/04/08 23-48-5-108,False,
48911,408-3038942-1690750,3/31/2022,Shipped,Amazon,Amazon.in,Expedited,JNE3794,JNE3794-KR-XXXL,kurta,3XL,B09HMHM56Y,Shipped,1,INR,499.0,THANE,MAHARASHTRA,401101,IN,,False,
48912,171-1229566-7854712,3/31/2022,Cancelled,Amazon,Amazon.in,Expedited,SET184,SET184-KR-PP-XXL,Set,XXL,B08W8KNCDH,Cancelled,0,,,HYDERABAD,TELANGANA,500029,IN,,False,
48913,403-6520917-5862728,3/31/2022,Cancelled,Amazon,Amazon.in,Expedited,JNE3405,JNE3405-KR-S,kurta,S,B081WX4G4Q,Cancelled,0,,,Chandauli UP,UTTAR PRADESH,232106,IN,,False,
48914,408-2124344-5269910,3/31/2022,Shipped,Amazon,Amazon.in,Expedited,SET264,SET264-KR-NP-XL,Set,XL,B08YN7XDSG,Shipped,1,INR,729.0,NEW DELHI,DELHI,110064,IN,IN Core Free Shipping 2015/04/08 23-48-5-108,False,
48915,171-8656203-5695558,3/31/2022,Shipped,Amazon,Amazon.in,Expedited,SET183,SET183-KR-DH-XL,Set,XL,B08B3ZCRC5,Shipped,1,INR,730.0,NAGPUR,MAHARASHTRA,440014,IN,IN Core Free Shipping 2015/04/08 23-48-5-108,False,
48916,404-4169266-0809141,3/31/2022,Shipped,Amazon,Amazon.in,Expedited,SET288,SET288-KR-NP-XXXL,Set,3XL,B09M6STTBC,Shipped,1,INR,698.0,MUMBAI,MAHARASHTRA,400055,IN,,False,
48917,402-6133022-5893132,3/31/2022,Shipped - Delivered to Buyer,Merchant,Amazon.in,Standard,SET388,SET388-KR-NP-XXL,Set,XXL,B09QJ6676Y,Shipped,1,INR,1271.0,MADURAI,TAMIL NADU,625012,IN,"Amazon PLCC Free-Financing Universal Merchant AAT-WNKTBO3K27EJC,Amazon PLCC Free-Financing Universal Merchant AAT-QX3UCCJESKPA2,Amazon PLCC Free-Financing Universal Merchant AAT-CXJHMC2YJUK76,Amazon PLCC Free-Financing Universal Merchant AAT-CC4FAVTYR4X7C,Amazon PLCC Free-Financing Universal Merchant AAT-XXRCW6NZEPZI4,Amazon PLCC Free-Financing Universal Merchant AAT-R7GXNZWISTRFA,Amazon PLCC Free-Financing Universal Merchant AAT-EOKPWFWYW7Y6I,Amazon PLCC Free-Financing Universal Merchant AAT-ZYL5UPUNW6T62,Amazon PLCC Free-Financing Universal Merchant AAT-G5ZRX4BZOIODU,Amazon PLCC Free-Financing Universal Merchant AAT-P3CSUAK4HTEP2,Amazon PLCC Free-Financing Universal Merchant AAT-YFJA6XMAMWZSK,Amazon PLCC Free-Financing Universal Merchant AAT-K66BSCE2J2V5E,Amazon PLCC Free-Financing Universal Merchant AAT-DFM4OAAQ3RGPM,Amazon PLCC Free-Financing Universal Merchant AAT-BRSZZ45H6MHAO,Amazon PLCC Free-Financing Universal Merchant AAT-MKLXOOZWQL7GO,Amazon PLCC Free-Financing Universal Merchant AAT-CB7UNXEXGIJTC,Amazon PLCC Free-Financing Universal Merchant #MP-gzasho-1593152694811,Amazon PLCC Free-Financing Universal Merchant AAT-WLBA4GZ52EAH4",False,Easy Ship
48918,404-8756041-5096344,3/31/2022,Shipped,Amazon,Amazon.in,Expedited,NW039,NW039-TP-SR-XS,Set,XS,B09M77BM4P,Shipped,1,INR,499.0,KOLKATA,WEST BENGAL,700067,IN,,False,
48919,171-6941593-5471506,3/31/2022,Shipped,Amazon,Amazon.in,Expedited,J0003,J0003-SET-M,Set,M,B0894XH3LN,Shipped,1,INR,688.0,AGRA,UTTAR PRADESH,282002,IN,IN Core Free Shipping 2015/04/08 23-48-5-108,False,
48920,407-1159451-3521157,3/31/2022,Shipped,Amazon,Amazon.in,Expedited,JNE2270,JNE2270-KR-487-A-XXL,kurta,XXL,B07H7DZXJ5,Shipped,1,INR,499.0,KOLKATA,WEST BENGAL,700032,IN,IN Core Free Shipping 2015/04/08 23-48-5-108,False,
48921,408-6972211-4309150,3/31/2022,Shipped,Amazon,Amazon.in,Expedited,J0230,J0230-SKD-S,Set,S,B08XNJ19QH,Shipped,1,INR,999.0,PATNA,BIHAR,801105,IN,IN Core Free Shipping 2015/04/08 23-48-5-108,False,
48922,171-8150095-2890752,3/31/2022,Shipped,Amazon,Amazon.in,Expedited,J0003,J0003-SET-XL,Set,XL,B0894YFQ5R,Shipped,1,INR,688.0,PARAVOOR,KERALA,691301,IN,IN Core Free Shipping 2015/04/08 23-48-5-108,False,
48923,404-2983890-5592337,3/31/2022,Cancelled,Amazon,Amazon.in,Expedited,J0212,J0212-DR-L,Ethnic Dress,L,B0982Z8HPJ,Unshipped,1,INR,1099.0,NAVI MUMBAI,MAHARASHTRA,400705,IN,,False,
48924,404-7803195-0672331,3/31/2022,Shipped,Amazon,Amazon.in,Expedited,SET172,SET172-KR-PP-B-M,Set,M,B0822V3NH7,Shipped,1,INR,899.0,JAGDALPUR,CHHATTISGARH,494001,IN,IN Core Free Shipping 2015/04/08 23-48-5-108,False,
48925,403-0246755-6123541,3/31/2022,Shipped,Amazon,Amazon.in,Expedited,JNE3567,JNE3567-KR-XXL,kurta,XXL,B08KRYCC8J,Shipped,1,INR,449.0,VIJAYAWADA,ANDHRA PRADESH,520010,IN,IN Core Free Shipping 2015/04/08 23-48-5-108,False,
48926,403-7742286-6684304,3/31/2022,Shipped,Amazon,Amazon.in,Expedited,J0346,J0346-SET-L,Set,L,B0983CL283,Shipped,1,INR,474.0,KOLKATA,WEST BENGAL,700075,IN,,False,
48927,171-8325743-9859562,3/31/2022,Shipped,Amazon,Amazon.in,Expedited,J0230,J0230-SKD-S,Set,S,B08XNJ19QH,Shipped,1,INR,999.0,CHENNAI,TAMIL NADU,600030,IN,IN Core Free Shipping 2015/04/08 23-48-5-108,False,
48928,406-8137322-1977968,3/31/2022,Shipped,Amazon,Amazon.in,Expedited,J0003,J0003-SET-XS,Set,XS,B0894WW15B,Shipped,1,INR,688.0,ROURKELA,ODISHA,769005,IN,IN Core Free Shipping 2015/04/08 23-48-5-108,False,
48929,406-8137322-1977968,3/31/2022,Shipped,Amazon,Amazon.in,Expedited,SET252,SET252-KR-PP-XS,Set,XS,B08TH86DG1,Shipped,1,INR,730.0,ROURKELA,ODISHA,769005,IN,IN Core Free Shipping 2015/04/08 23-48-5-108,False,
48930,406-1529672-4117965,3/31/2022,Shipped,Amazon,Amazon.in,Expedited,J0346,J0346-SET-XS,Set,XS,B0983CP5WT,Shipped,1,INR,474.0,ROURKELA,ODISHA,769005,IN,,False,
48931,406-2682685-1218762,3/31/2022,Shipped,Amazon,Amazon.in,Expedited,JNE3160,JNE3160-KR-G-XL,kurta,XL,B07K4C1KTB,Shipped,1,INR,599.0,THANE,MAHARASHTRA,400608,IN,,False,
48932,403-6645310-0040341,3/31/2022,Cancelled,Amazon,Amazon.in,Expedited,J0277,J0277-SKD-L,Set,L,B08QGN6D3M,Cancelled,0,,,Mumbra,MAHARASHTRA,400612,IN,,False,
48933,403-3761703-7058735,3/31/2022,Shipped - Delivered to Buyer,Merchant,Amazon.in,Standard,JNE3373,JNE3373-KR-S,kurta,S,B082W7DFR9,Shipped,1,INR,364.0,BENGALURU,KARNATAKA,560087,IN,"Amazon PLCC Free-Financing Universal Merchant AAT-WNKTBO3K27EJC,Amazon PLCC Free-Financing Universal Merchant AAT-QX3UCCJESKPA2,Amazon PLCC Free-Financing Universal Merchant AAT-CXJHMC2YJUK76,Amazon PLCC Free-Financing Universal Merchant AAT-CC4FAVTYR4X7C,Amazon PLCC Free-Financing Universal Merchant AAT-XXRCW6NZEPZI4,Amazon PLCC Free-Financing Universal Merchant AAT-R7GXNZWISTRFA,Amazon PLCC Free-Financing Universal Merchant AAT-EOKPWFWYW7Y6I,Amazon PLCC Free-Financing Universal Merchant AAT-ZYL5UPUNW6T62,Amazon PLCC Free-Financing Universal Merchant AAT-G5ZRX4BZOIODU,Amazon PLCC Free-Financing Universal Merchant AAT-P3CSUAK4HTEP2,Amazon PLCC Free-Financing Universal Merchant AAT-YFJA6XMAMWZSK,Amazon PLCC Free-Financing Universal Merchant AAT-K66BSCE2J2V5E,Amazon PLCC Free-Financing Universal Merchant AAT-DFM4OAAQ3RGPM,Amazon PLCC Free-Financing Universal Merchant AAT-BRSZZ45H6MHAO,Amazon PLCC Free-Financing Universal Merchant AAT-MKLXOOZWQL7GO,Amazon PLCC Free-Financing Universal Merchant AAT-CB7UNXEXGIJTC,Amazon PLCC Free-Financing Universal Merchant #MP-gzasho-1593152694811,Amazon PLCC Free-Financing Universal Merchant AAT-WLBA4GZ52EAH4",False,Easy Ship
48934,408-5890189-9876307,3/31/2022,Shipped,Amazon,Amazon.in,Expedited,PSET264,PSET264-KR-NP-5XL,Set,5XL,B09M779C74,Shipped,1,INR,955.0,HOWRAH,WEST BENGAL,711106,IN,,False,
48935,404-1295691-6365146,3/31/2022,Shipped,Amazon,Amazon.in,Expedited,JNE3437,JNE3437-KR-XXL,kurta,XXL,B085HJXJ3M,Shipped,1,INR,499.0,THIRUVALLUR,TAMIL NADU,602001,IN,,False,
48936,404-0332978-0954715,3/31/2022,Shipped - Delivered to Buyer,Merchant,Amazon.in,Standard,BL111,BL111-M,Blouse,M,B091YFLK7F,Shipped,1,INR,280.0,GREATER NOIDA,UTTAR PRADESH,201306,IN,"Amazon PLCC Free-Financing Universal Merchant AAT-WNKTBO3K27EJC,Amazon PLCC Free-Financing Universal Merchant AAT-QX3UCCJESKPA2,Amazon PLCC Free-Financing Universal Merchant AAT-CXJHMC2YJUK76,Amazon PLCC Free-Financing Universal Merchant AAT-CC4FAVTYR4X7C,Amazon PLCC Free-Financing Universal Merchant AAT-XXRCW6NZEPZI4,Amazon PLCC Free-Financing Universal Merchant AAT-WSJLDN3X7KEMO,Amazon PLCC Free-Financing Universal Merchant AAT-VL6FGQVGQVXUS,Amazon PLCC Free-Financing Universal Merchant AAT-LNQBIWJ54YT72,Amazon PLCC Free-Financing Universal Merchant AAT-OIG2WTPCOAKRS,Amazon PLCC Free-Financing Universal Merchant AAT-YFRETKY3HCDZS,Amazon PLCC Free-Financing Universal Merchant AAT-3NV3MZDDJ5LUA,Amazon PLCC Free-Financing Universal Merchant AAT-EOKPWFWYW7Y6I,Amazon PLCC Free-Financing Universal Merchant AAT-ZYL5UPUNW6T62,Amazon PLCC Free-Financing Universal Merchant AAT-G5ZRX4BZOIODU,Amazon PLCC Free-Financing Universal Merchant AAT-ACZIPIA37BFIY,Amazon PLCC Free-Financing Universal Merchant AAT-YFJA6XMAMWZSK,Amazon PLCC Free-Financing Universal Merchant AAT-K66BSCE2J2V5E,Amazon PLCC Free-Financing Universal Merchant AAT-DFM4OAAQ3RGPM,Amazon PLCC Free-Financing Universal Merchant AAT-BRSZZ45H6MHAO,Amazon PLCC Free-Financing Universal Merchant AAT-MKLXOOZWQL7GO,Amazon PLCC Free-Financing Universal Merchant AAT-CB7UNXEXGIJTC,Amazon PLCC Free-Financing Universal Merchant #MP-gzasho-1593152694811,Amazon PLCC Free-Financing Universal Merchant AAT-WLBA4GZ52EAH4",False,Easy Ship
48937,408-8380883-6272369,3/31/2022,Shipped,Amazon,Amazon.in,Expedited,JNE3373,JNE3373-KR-XXL,kurta,XXL,B082W8RWN1,Shipped,1,INR,364.0,MUMBAI,MAHARASHTRA,400074,IN,IN Core Free Shipping 2015/04/08 23-48-5-108,False,
48938,405-8194099-3837147,3/31/2022,Shipped,Amazon,Amazon.in,Expedited,SET293,SET293-KR-NP-M,Set,M,B09K3LJWBB,Shipped,1,INR,727.0,KOLKATA,WEST BENGAL,700078,IN,,False,
48939,407-6736843-2875557,3/31/2022,Shipped,Amazon,Amazon.in,Expedited,JNE3567,JNE3567-KR-XXXL,kurta,3XL,B08KRZK1NB,Shipped,1,INR,449.0,NAGPUR,MAHARASHTRA,440008,IN,IN Core Free Shipping 2015/04/08 23-48-5-108,False,
48940,403-2741823-7817138,3/31/2022,Shipped,Amazon,Amazon.in,Expedited,MEN5011,MEN5011-KR-XL,kurta,XL,B08YZ1RHHJ,Shipped,1,INR,495.0,BENGALURU,KARNATAKA,560035,IN,,False,
48941,408-5774774-8092337,3/31/2022,Shipped,Amazon,Amazon.in,Expedited,JNE3405,JNE3405-KR-XXL,kurta,XXL,B081WSL2JS,Shipped,1,INR,449.0,NOIDA,UTTAR PRADESH,201304,IN,,False,
48942,407-9680903-8989154,3/31/2022,Shipped,Amazon,Amazon.in,Expedited,SET073,SET073-KR-SHA-M,Set,M,B07V6ZF279,Shipped,1,INR,791.0,LUCKNOW,UTTAR PRADESH,226020,IN,IN Core Free Shipping 2015/04/08 23-48-5-108,False,
48943,171-5775429-9329962,3/31/2022,Shipped,Amazon,Amazon.in,Expedited,JNE3160,JNE3160-KR-G-L,kurta,L,B07K3R51CL,Shipped,1,INR,599.0,SALEM,TAMIL NADU,636007,IN,IN Core Free Shipping 2015/04/08 23-48-5-108,False,
48944,402-7723598-3372332,3/31/2022,Shipped - Returned to Seller,Merchant,Amazon.in,Standard,SET324,SET324-KR-NP-S,Set,S,B09NQ4CZ65,Shipped,1,INR,627.0,NOIDA,UTTAR PRADESH,201305,IN,"Amazon PLCC Free-Financing Universal Merchant AAT-WNKTBO3K27EJC,Amazon PLCC Free-Financing Universal Merchant AAT-QX3UCCJESKPA2,Amazon PLCC Free-Financing Universal Merchant AAT-CXJHMC2YJUK76,Amazon PLCC Free-Financing Universal Merchant AAT-CC4FAVTYR4X7C,Amazon PLCC Free-Financing Universal Merchant AAT-XXRCW6NZEPZI4,Amazon PLCC Free-Financing Universal Merchant AAT-EOKPWFWYW7Y6I,Amazon PLCC Free-Financing Universal Merchant AAT-ZYL5UPUNW6T62,Amazon PLCC Free-Financing Universal Merchant AAT-G5ZRX4BZOIODU,Amazon PLCC Free-Financing Universal Merchant AAT-YFJA6XMAMWZSK,Amazon PLCC Free-Financing Universal Merchant AAT-K66BSCE2J2V5E,Amazon PLCC Free-Financing Universal Merchant AAT-DFM4OAAQ3RGPM,Amazon PLCC Free-Financing Universal Merchant AAT-BRSZZ45H6MHAO,Amazon PLCC Free-Financing Universal Merchant AAT-MKLXOOZWQL7GO,Amazon PLCC Free-Financing Universal Merchant AAT-CB7UNXEXGIJTC,Amazon PLCC Free-Financing Universal Merchant #MP-gzasho-1593152694811,Amazon PLCC Free-Financing Universal Merchant AAT-WLBA4GZ52EAH4,Amazon PLCC Free-Financing Universal Merchant #MP-pmilan-1601980554292",False,Easy Ship
48945,402-0466560-2961106,3/31/2022,Shipped,Amazon,Amazon.in,Expedited,J0009,J0009-SKD-L,Set,L,B0894WL9SH,Shipped,1,INR,990.0,NOIDA,UTTAR PRADESH,201305,IN,IN Core Free Shipping 2015/04/08 23-48-5-108,False,
48946,408-9377454-4728330,3/31/2022,Shipped,Amazon,Amazon.in,Expedited,J0167,J0167-KR-L,kurta,L,B08QGLBQGM,Shipped,1,INR,324.0,PILANI TOWN,RAJASTHAN,333031,IN,IN Core Free Shipping 2015/04/08 23-48-5-108,False,
48947,408-8249714-7769118,3/31/2022,Shipped,Amazon,Amazon.in,Expedited,SET044,SET044-KR-NP-S,Set,S,B07Q2M4W2P,Shipped,1,INR,542.0,PALAKKAD,KERALA,678005,IN,IN Core Free Shipping 2015/04/08 23-48-5-108,False,
48948,408-8249714-7769118,3/31/2022,Shipped,Amazon,Amazon.in,Expedited,SET286,SET286-KR-NP-S,Set,S,B099NJCVDY,Shipped,1,INR,657.0,PALAKKAD,KERALA,678005,IN,IN Core Free Shipping 2015/04/08 23-48-5-108,False,
48949,408-8249714-7769118,3/31/2022,Shipped,Amazon,Amazon.in,Expedited,SET285,SET285-KR-SHA-S,Set,S,B099NK5TL9,Shipped,1,INR,495.0,PALAKKAD,KERALA,678005,IN,IN Core Free Shipping 2015/04/08 23-48-5-108,False,
48950,407-8124955-7052365,3/31/2022,Shipped,Amazon,Amazon.in,Expedited,JNE3405,JNE3405-KR-XXL,kurta,XXL,B081WSL2JS,Shipped,1,INR,449.0,BARASAT,WEST BENGAL,700127,IN,IN Core Free Shipping 2015/04/08 23-48-5-108,False,
48951,407-8124955-7052365,3/31/2022,Shipped,Amazon,Amazon.in,Expedited,J0096,J0096-KR-XXL,kurta,XXL,B089G1TKY8,Shipped,1,INR,561.0,BARASAT,WEST BENGAL,700127,IN,IN Core Free Shipping 2015/04/08 23-48-5-108,False,
48952,403-5704357-6577116,3/31/2022,Shipped,Amazon,Amazon.in,Expedited,J0328,J0328-KR-XL,kurta,XL,B09KXR4HR6,Shipped,1,INR,927.0,AMBARNATH,MAHARASHTRA,421501,IN,IN Core Free Shipping 2015/04/08 23-48-5-108,False,
48953,405-1344496-4624333,3/31/2022,Shipped,Amazon,Amazon.in,Expedited,SET132,SET132-KR-NP-XXL,Set,XXL,B07VQ7PYM5,Shipped,1,INR,542.0,margao,GOA,403601,IN,IN Core Free Shipping 2015/04/08 23-48-5-108,False,
48954,407-4660840-6413949,3/31/2022,Cancelled,Amazon,Amazon.in,Expedited,SET268,SET268-KR-NP-L,Set,L,B08XQ8MCKP,Unshipped,1,INR,698.0,HUBLI,KARNATAKA,580029,IN,,False,
48955,402-8972239-7910736,3/31/2022,Shipped,Amazon,Amazon.in,Expedited,JNE3405,JNE3405-KR-XXL,kurta,XXL,B081WSL2JS,Shipped,1,INR,449.0,BENGALURU,KARNATAKA,560076,IN,IN Core Free Shipping 2015/04/08 23-48-5-108,False,
48956,402-6022133-3513915,3/31/2022,Shipped,Amazon,Amazon.in,Expedited,JNE3368,JNE3368-KR-XXL,kurta,XXL,B081WSWWL7,Shipped,1,INR,449.0,BENGALURU,KARNATAKA,560076,IN,,False,
48957,405-9330131-9228332,3/31/2022,Shipped,Amazon,Amazon.in,Expedited,JNE3579,JNE3579-KR-XXXL,kurta,3XL,B08QGJTZQS,Shipped,1,INR,293.0,AHMEDABAD,Gujarat,380055,IN,IN Core Free Shipping 2015/04/08 23-48-5-108,False,
48958,405-1757689-9230715,3/31/2022,Shipped,Amazon,Amazon.in,Expedited,JNE3528,JNE3528-KR-XXL,kurta,XXL,B08B3Y2GDH,Shipped,1,INR,317.0,AHMEDABAD,Gujarat,380055,IN,,False,
48959,405-1757689-9230715,3/31/2022,Shipped,Amazon,Amazon.in,Expedited,J0299,J0299-KR-XXL,kurta,XXL,B099FDBKFN,Shipped,1,INR,342.0,AHMEDABAD,Gujarat,380055,IN,,False,
48960,402-4762612-9953121,3/31/2022,Shipped,Amazon,Amazon.in,Expedited,J0341,J0341-DR-M,Western Dress,M,B099NQQ79L,Shipped,1,INR,1099.0,HYDERABAD,TELANGANA,500043,IN,IN Core Free Shipping 2015/04/08 23-48-5-108,False,
48961,402-7532105-5724318,3/31/2022,Shipped,Amazon,Amazon.in,Expedited,SET393,SET393-KR-NP-XXL,Set,XXL,B09QJ48KSN,Shipped,1,INR,984.0,NEW DELHI,DELHI,110065,IN,IN Core Free Shipping 2015/04/08 23-48-5-108,False,
48962,406-7301647-1767514,3/31/2022,Shipped,Amazon,Amazon.in,Expedited,SET037,SET037-KR-NP-XL,Set,XL,B07MY2YYN9,Shipped,1,INR,567.0,HAJIRA,Gujarat,394270,IN,,False,
48963,402-2922177-1493131,3/31/2022,Shipped - Delivered to Buyer,Merchant,Amazon.in,Standard,JNE3795,JNE3795-KR-M,kurta,M,B09HMSF1D3,Shipped,1,INR,499.0,BOKARO STEEL CITY,JHARKHAND,827003,IN,"Amazon PLCC Free-Financing Universal Merchant AAT-WNKTBO3K27EJC,Amazon PLCC Free-Financing Universal Merchant AAT-QX3UCCJESKPA2,Amazon PLCC Free-Financing Universal Merchant AAT-CXJHMC2YJUK76,Amazon PLCC Free-Financing Universal Merchant AAT-CC4FAVTYR4X7C,Amazon PLCC Free-Financing Universal Merchant AAT-XXRCW6NZEPZI4,Amazon PLCC Free-Financing Universal Merchant AAT-EOKPWFWYW7Y6I,Amazon PLCC Free-Financing Universal Merchant AAT-G5ZRX4BZOIODU,Amazon PLCC Free-Financing Universal Merchant AAT-YFJA6XMAMWZSK,Amazon PLCC Free-Financing Universal Merchant AAT-K66BSCE2J2V5E,Amazon PLCC Free-Financing Universal Merchant AAT-DFM4OAAQ3RGPM,Amazon PLCC Free-Financing Universal Merchant AAT-BRSZZ45H6MHAO,Amazon PLCC Free-Financing Universal Merchant AAT-MKLXOOZWQL7GO,Amazon PLCC Free-Financing Universal Merchant AAT-CB7UNXEXGIJTC,Amazon PLCC Free-Financing Universal Merchant #MP-gzasho-1593152694811,Amazon PLCC Free-Financing Universal Merchant AAT-WLBA4GZ52EAH4",False,Easy Ship
48964,403-6874079-8268346,3/31/2022,Shipped,Amazon,Amazon.in,Expedited,JNE3801,JNE3801-KR-S,kurta,S,B09SDY68JK,Shipped,1,INR,761.0,BUXAR,BIHAR,802103,IN,VPC-44571-38707597 Coupon,False,
48965,407-4203669-2723557,3/31/2022,Shipped,Amazon,Amazon.in,Expedited,JNE3160,JNE3160-KR-G-L,kurta,L,B07K3R51CL,Shipped,1,INR,599.0,Lagola,WEST BENGAL,742148,IN,IN Core Free Shipping 2015/04/08 23-48-5-108,False,
48966,405-7300368-6180320,3/31/2022,Shipped,Amazon,Amazon.in,Expedited,JNE3741,JNE3741-KR-M,kurta,M,B099NNR712,Shipped,1,INR,353.0,THANE,MAHARASHTRA,400605,IN,IN Core Free Shipping 2015/04/08 23-48-5-108,False,
48967,171-8234703-3995522,3/31/2022,Shipped,Amazon,Amazon.in,Expedited,JNE3457,JNE3457-KR-XXXL,kurta,3XL,B08BFT32TR,Shipped,1,INR,313.0,VARANASI,UTTAR PRADESH,221010,IN,IN Core Free Shipping 2015/04/08 23-48-5-108,False,
48968,402-8792071-8824345,3/31/2022,Shipped - Delivered to Buyer,Merchant,Amazon.in,Standard,JNE3798,JNE3798-KR-A-XXL,Western Dress,XXL,B09TH3GYN7,Shipped,1,INR,761.0,Noida,UTTAR PRADESH,201301,IN,"Amazon PLCC Free-Financing Universal Merchant AAT-WNKTBO3K27EJC,Amazon PLCC Free-Financing Universal Merchant AAT-QX3UCCJESKPA2,Amazon PLCC Free-Financing Universal Merchant AAT-CXJHMC2YJUK76,Amazon PLCC Free-Financing Universal Merchant AAT-CC4FAVTYR4X7C,Amazon PLCC Free-Financing Universal Merchant AAT-XXRCW6NZEPZI4,Amazon PLCC Free-Financing Universal Merchant AAT-R7GXNZWISTRFA,Amazon PLCC Free-Financing Universal Merchant AAT-EOKPWFWYW7Y6I,VPC-44571-38707597 Coupon,Amazon PLCC Free-Financing Universal Merchant AAT-ZYL5UPUNW6T62,Amazon PLCC Free-Financing Universal Merchant AAT-G5ZRX4BZOIODU,Amazon PLCC Free-Financing Universal Merchant AAT-P3CSUAK4HTEP2,Amazon PLCC Free-Financing Universal Merchant AAT-YFJA6XMAMWZSK,Amazon PLCC Free-Financing Universal Merchant AAT-K66BSCE2J2V5E,Amazon PLCC Free-Financing Universal Merchant AAT-DFM4OAAQ3RGPM,Amazon PLCC Free-Financing Universal Merchant AAT-BRSZZ45H6MHAO,Amazon PLCC Free-Financing Universal Merchant AAT-MKLXOOZWQL7GO,Amazon PLCC Free-Financing Universal Merchant AAT-CB7UNXEXGIJTC,Amazon PLCC Free-Financing Universal Merchant #MP-gzasho-1593152694811,Amazon PLCC Free-Financing Universal Merchant AAT-WLBA4GZ52EAH4",False,Easy Ship
48969,404-5350794-8541144,3/31/2022,Shipped,Amazon,Amazon.in,Expedited,JNE3546,JNE3546-KR-L,kurta,L,B08HHJRFQP,Shipped,1,INR,481.0,KOLKATA,WEST BENGAL,700124,IN,,False,
48970,404-1445673-1345134,3/31/2022,Shipped - Delivered to Buyer,Merchant,Amazon.in,Standard,JNE3724,JNE3724-KR-L,kurta,L,B098121HFD,Shipped,1,INR,495.0,KOLKATA,WEST BENGAL,700124,IN,"Amazon PLCC Free-Financing Universal Merchant AAT-WNKTBO3K27EJC,Amazon PLCC Free-Financing Universal Merchant AAT-QX3UCCJESKPA2,Amazon PLCC Free-Financing Universal Merchant AAT-CXJHMC2YJUK76,Amazon PLCC Free-Financing Universal Merchant AAT-SL3Y2YRMAUNFC,Amazon PLCC Free-Financing Universal Merchant AAT-CC4FAVTYR4X7C,Amazon PLCC Free-Financing Universal Merchant AAT-XXRCW6NZEPZI4,Amazon PLCC Free-Financing Universal Merchant AAT-WSJLDN3X7KEMO,Amazon PLCC Free-Financing Universal Merchant AAT-VL6FGQVGQVXUS,Amazon PLCC Free-Financing Universal Merchant AAT-EOKPWFWYW7Y6I,Amazon PLCC Free-Financing Universal Merchant AAT-ZYL5UPUNW6T62,Amazon PLCC Free-Financing Universal Merchant AAT-G5ZRX4BZOIODU,Amazon PLCC Free-Financing Universal Merchant AAT-ACZIPIA37BFIY,Amazon PLCC Free-Financing Universal Merchant AAT-YFJA6XMAMWZSK,Amazon PLCC Free-Financing Universal Merchant AAT-K66BSCE2J2V5E,Amazon PLCC Free-Financing Universal Merchant AAT-DFM4OAAQ3RGPM,Amazon PLCC Free-Financing Universal Merchant AAT-BRSZZ45H6MHAO,Amazon PLCC Free-Financing Universal Merchant AAT-MKLXOOZWQL7GO,Amazon PLCC Free-Financing Universal Merchant AAT-CB7UNXEXGIJTC,Amazon PLCC Free-Financing Universal Merchant #MP-gzasho-1593152694811,Amazon PLCC Free-Financing Universal Merchant AAT-WLBA4GZ52EAH4",False,Easy Ship
48971,408-9483921-6621140,3/31/2022,Shipped,Amazon,Amazon.in,Expedited,J0228,J0228-SKD-XL,Set,XL,B09M6T8JXP,Shipped,1,INR,1799.0,Kolkata,WEST BENGAL,700094,IN,,False,
48972,403-7221439-9610762,3/31/2022,Shipped,Amazon,Amazon.in,Expedited,J0127,J0127-SKD-XS,Set,XS,B08QGMPRVV,Shipped,1,INR,1199.0,MUMBAI,MAHARASHTRA,400053,IN,IN Core Free Shipping 2015/04/08 23-48-5-108,False,
48973,407-2872712-7453948,3/31/2022,Shipped,Amazon,Amazon.in,Expedited,JNE3781,JNE3781-KR-XL,kurta,XL,B09K3XXDMR,Shipped,1,INR,427.0,Noida,UTTAR PRADESH,201301,IN,,False,
48974,171-6859005-1536306,3/31/2022,Shipped,Amazon,Amazon.in,Expedited,SET073,SET073-KR-SHA-M,Set,M,B07V6ZF279,Shipped,1,INR,791.0,PUNE,MAHARASHTRA,411041,IN,,False,
48975,406-3902071-8396348,3/31/2022,Shipped,Amazon,Amazon.in,Expedited,JNE3412,JNE3412-KR-M,kurta,M,B0893DP1WQ,Shipped,1,INR,385.0,BENGALURU,KARNATAKA,560062,IN,IN Core Free Shipping 2015/04/08 23-48-5-108,False,
48976,171-7091693-4187529,3/31/2022,Shipped,Amazon,Amazon.in,Expedited,SET197,SET197-KR-NP-M,Set,M,B08B3YDL18,Shipped,1,INR,730.0,PUNE,MAHARASHTRA,411019,IN,,False,
48977,404-1423986-2917154,3/31/2022,Shipped,Amazon,Amazon.in,Expedited,SET172,SET172-KR-PP-B-L,Set,L,B0822TF519,Shipped,1,INR,899.0,PUNE,MAHARASHTRA,411036,IN,IN Core Free Shipping 2015/04/08 23-48-5-108,False,
48978,408-4712419-3067545,3/31/2022,Shipped,Amazon,Amazon.in,Expedited,NW022,NW022-TP-PJ-L,Set,L,B099NTC7HP,Shipped,1,INR,744.0,PANIPAT,HARYANA,132103,IN,IN Core Free Shipping 2015/04/08 23-48-5-108,False,
48979,405-7884558-0816309,3/31/2022,Shipped,Amazon,Amazon.in,Expedited,SET264,SET264-KR-NP-M,Set,M,B08YN44FZJ,Shipped,1,INR,729.0,MOTIHARI,BIHAR,845401,IN,IN Core Free Shipping 2015/04/08 23-48-5-108,False,
48980,406-8656562-5221128,3/31/2022,Shipped,Amazon,Amazon.in,Expedited,J0008,J0008-SKD-S,Set,S,B0894XGJ83,Shipped,1,INR,1147.0,GREATER NOIDA,UTTAR PRADESH,201306,IN,IN Core Free Shipping 2015/04/08 23-48-5-108,False,
48981,171-2453326-6313144,3/31/2022,Shipped - Delivered to Buyer,Merchant,Amazon.in,Standard,SET183,SET183-KR-DH-M,Set,M,B08B3Z2YY3,Shipped,1,INR,730.0,PUNE,MAHARASHTRA,411041,IN,"Amazon PLCC Free-Financing Universal Merchant AAT-WNKTBO3K27EJC,Amazon PLCC Free-Financing Universal Merchant AAT-QX3UCCJESKPA2,Amazon PLCC Free-Financing Universal Merchant AAT-CXJHMC2YJUK76,Amazon PLCC Free-Financing Universal Merchant AAT-SL3Y2YRMAUNFC,Amazon PLCC Free-Financing Universal Merchant AAT-CC4FAVTYR4X7C,Amazon PLCC Free-Financing Universal Merchant AAT-XXRCW6NZEPZI4,Amazon PLCC Free-Financing Universal Merchant AAT-WSJLDN3X7KEMO,Amazon PLCC Free-Financing Universal Merchant AAT-VL6FGQVGQVXUS,Amazon PLCC Free-Financing Universal Merchant AAT-3NV3MZDDJ5LUA,Amazon PLCC Free-Financing Universal Merchant AAT-EOKPWFWYW7Y6I,Amazon PLCC Free-Financing Universal Merchant AAT-5IRDV7W2ZQLXW,Amazon PLCC Free-Financing Universal Merchant AAT-ZYL5UPUNW6T62,Amazon PLCC Free-Financing Universal Merchant AAT-G5ZRX4BZOIODU,Amazon PLCC Free-Financing Universal Merchant AAT-ACZIPIA37BFIY,Amazon PLCC Free-Financing Universal Merchant AAT-YFJA6XMAMWZSK,Amazon PLCC Free-Financing Universal Merchant AAT-K66BSCE2J2V5E,Amazon PLCC Free-Financing Universal Merchant AAT-DFM4OAAQ3RGPM,Amazon PLCC Free-Financing Universal Merchant AAT-BRSZZ45H6MHAO,Amazon PLCC Free-Financing Universal Merchant AAT-MKLXOOZWQL7GO,Amazon PLCC Free-Financing Universal Merchant AAT-CB7UNXEXGIJTC,Amazon PLCC Free-Financing Universal Merchant #MP-gzasho-1593152694811,Amazon PLCC Free-Financing Universal Merchant AAT-WLBA4GZ52EAH4",False,Easy Ship
48982,406-3908087-4335510,3/31/2022,Cancelled,Amazon,Amazon.in,Expedited,PSET264,PSET264-KR-NP-5XL,Set,5XL,B09M779C74,Cancelled,0,,,HOWRAH,WEST BENGAL,711106,IN,,False,
48983,408-8624074-9828342,3/31/2022,Shipped - Delivered to Buyer,Merchant,Amazon.in,Standard,J0003,J0003-SET-XXL,Set,XXL,B0894XKVH3,Shipped,1,INR,688.0,AGARTALA,TRIPURA,799006,IN,"Amazon PLCC Free-Financing Universal Merchant AAT-WNKTBO3K27EJC,Amazon PLCC Free-Financing Universal Merchant AAT-QX3UCCJESKPA2,Amazon PLCC Free-Financing Universal Merchant AAT-CXJHMC2YJUK76,Amazon PLCC Free-Financing Universal Merchant AAT-CC4FAVTYR4X7C,Amazon PLCC Free-Financing Universal Merchant AAT-XXRCW6NZEPZI4,Amazon PLCC Free-Financing Universal Merchant AAT-EOKPWFWYW7Y6I,Amazon PLCC Free-Financing Universal Merchant AAT-ZYL5UPUNW6T62,Amazon PLCC Free-Financing Universal Merchant AAT-G5ZRX4BZOIODU,Amazon PLCC Free-Financing Universal Merchant AAT-YFJA6XMAMWZSK,Amazon PLCC Free-Financing Universal Merchant AAT-K66BSCE2J2V5E,Amazon PLCC Free-Financing Universal Merchant AAT-DFM4OAAQ3RGPM,Amazon PLCC Free-Financing Universal Merchant AAT-BRSZZ45H6MHAO,Amazon PLCC Free-Financing Universal Merchant AAT-MKLXOOZWQL7GO,Amazon PLCC Free-Financing Universal Merchant AAT-CB7UNXEXGIJTC,Amazon PLCC Free-Financing Universal Merchant #MP-gzasho-1593152694811,Amazon PLCC Free-Financing Universal Merchant AAT-WLBA4GZ52EAH4",False,Easy Ship
48984,403-4123931-0723557,3/31/2022,Shipped,Amazon,Amazon.in,Expedited,JNE3465,JNE3465-KR-L,kurta,L,B08BFLKNGJ,Shipped,1,INR,499.0,HYDERABAD,TELANGANA,500020,IN,,False,
48985,407-0903830-8470716,3/31/2022,Shipped,Amazon,Amazon.in,Expedited,MEN5013,MEN5013-KR-XXL,kurta,XXL,B08YYZKDDX,Shipped,1,INR,495.0,Kolkata,WEST BENGAL,700096,IN,IN Core Free Shipping 2015/04/08 23-48-5-108,False,
48986,171-7977159-7701906,3/31/2022,Shipped,Amazon,Amazon.in,Expedited,J0301,J0301-TP-XXXL,Top,3XL,B099S9P2FK,Shipped,1,INR,493.0,BHALKI,KARNATAKA,585328,IN,,False,
48987,408-4468274-4049919,3/31/2022,Shipped - Delivered to Buyer,Merchant,Amazon.in,Standard,JNE3869,JNE3869-DR-XXXL,Western Dress,3XL,B09RK757KM,Shipped,1,INR,998.0,VISAKHAPATNAM,ANDHRA PRADESH,530044,IN,"Amazon PLCC Free-Financing Universal Merchant AAT-WNKTBO3K27EJC,Amazon PLCC Free-Financing Universal Merchant AAT-QX3UCCJESKPA2,Amazon PLCC Free-Financing Universal Merchant AAT-CXJHMC2YJUK76,Amazon PLCC Free-Financing Universal Merchant AAT-CC4FAVTYR4X7C,Amazon PLCC Free-Financing Universal Merchant AAT-XXRCW6NZEPZI4,Amazon PLCC Free-Financing Universal Merchant AAT-WSJLDN3X7KEMO,Amazon PLCC Free-Financing Universal Merchant AAT-VL6FGQVGQVXUS,Amazon PLCC Free-Financing Universal Merchant AAT-3NV3MZDDJ5LUA,Amazon PLCC Free-Financing Universal Merchant AAT-EOKPWFWYW7Y6I,Amazon PLCC Free-Financing Universal Merchant AAT-ZYL5UPUNW6T62,Amazon PLCC Free-Financing Universal Merchant AAT-G5ZRX4BZOIODU,Amazon PLCC Free-Financing Universal Merchant AAT-ACZIPIA37BFIY,Amazon PLCC Free-Financing Universal Merchant AAT-YFJA6XMAMWZSK,Amazon PLCC Free-Financing Universal Merchant AAT-K66BSCE2J2V5E,Amazon PLCC Free-Financing Universal Merchant AAT-DFM4OAAQ3RGPM,Amazon PLCC Free-Financing Universal Merchant AAT-BRSZZ45H6MHAO,Amazon PLCC Free-Financing Universal Merchant AAT-MKLXOOZWQL7GO,Amazon PLCC Free-Financing Universal Merchant AAT-CB7UNXEXGIJTC,Amazon PLCC Free-Financing Universal Merchant #MP-gzasho-1593152694811,Amazon PLCC Free-Financing Universal Merchant AAT-WLBA4GZ52EAH4",False,Easy Ship
48988,405-9034577-8866749,3/31/2022,Shipped,Amazon,Amazon.in,Expedited,JNE3758,JNE3758-KR-XXXL,kurta,3XL,B099FCWSXM,Shipped,1,INR,353.0,CHANDIGARH,CHANDIGARH,160047,IN,,False,
48989,407-2352301-8497951,3/31/2022,Shipped,Amazon,Amazon.in,Expedited,JNE2270,JNE2270-KR-487-A-XXL,kurta,XXL,B07H7DZXJ5,Shipped,1,INR,499.0,LUCKNOW,UTTAR PRADESH,226006,IN,IN Core Free Shipping 2015/04/08 23-48-5-108,False,
48990,407-7115918-3595555,3/31/2022,Cancelled,Merchant,Amazon.in,Standard,JNE3798,JNE3798-KR-M,Western Dress,M,B09SDXTRS9,,0,INR,724.76,VADAKARA,KERALA,673101,IN,,False,Easy Ship
48991,402-6785096-8802758,3/31/2022,Shipped,Amazon,Amazon.in,Expedited,JNE3697,JNE3697-KR-XXL,kurta,XXL,B098133PV5,Shipped,1,INR,481.0,AGRA,UTTAR PRADESH,282002,IN,IN Core Free Shipping 2015/04/08 23-48-5-108,False,
48992,407-6819253-3672316,3/31/2022,Shipped,Amazon,Amazon.in,Expedited,JNE3510,JNE3510-KR-XXXL,kurta,3XL,B08WQ64YYX,Shipped,1,INR,437.0,AMRAVATI,MAHARASHTRA,444604,IN,IN Core Free Shipping 2015/04/08 23-48-5-108,False,
48993,402-0296065-6652370,3/31/2022,Shipped,Amazon,Amazon.in,Expedited,SET229,SET229-KR-PP-XL,Set,XL,B08QGMN7BL,Shipped,1,INR,877.0,DANDELI,KARNATAKA,581325,IN,IN Core Free Shipping 2015/04/08 23-48-5-108,False,
48994,407-2382032-1283569,3/31/2022,Shipped,Amazon,Amazon.in,Expedited,JNE3546,JNE3546-KR-M,kurta,M,B08HK4W6YT,Shipped,1,INR,481.0,CHIKODI,KARNATAKA,591201,IN,IN Core Free Shipping 2015/04/08 23-48-5-108,False,
48995,405-8230962-2604350,3/31/2022,Shipped,Amazon,Amazon.in,Expedited,JNE3160,JNE3160-KR-G-XL,kurta,XL,B07K4C1KTB,Shipped,1,INR,599.0,BENGALURU,KARNATAKA,560016,IN,IN Core Free Shipping 2015/04/08 23-48-5-108,False,
48996,402-0339394-3540335,3/31/2022,Shipped,Amazon,Amazon.in,Expedited,SET339,SET339-KR-NP-XL,Set,XL,B09RSV9VD7,Shipped,1,INR,688.0,GHAZIABAD,UTTAR PRADESH,201005,IN,IN Core Free Shipping 2015/04/08 23-48-5-108,False,
48997,408-6597776-7485121,3/31/2022,Shipped,Amazon,Amazon.in,Expedited,JNE3713,JNE3713-TP-N-XS,Top,XS,B08ZHQL89M,Shipped,1,INR,354.0,delhi,DELHI,110016,IN,,False,
48998,404-1415044-3213110,3/31/2022,Shipped,Amazon,Amazon.in,Expedited,SET268,SET268-KR-NP-XXXL,Set,3XL,B08XQBC8FV,Shipped,1,INR,698.0,SIKAR,RAJASTHAN,332001,IN,IN Core Free Shipping 2015/04/08 23-48-5-108,False,
48999,171-3572716-7638764,3/31/2022,Shipped - Delivered to Buyer,Merchant,Amazon.in,Standard,JNE3407,JNE3407-KR-XXL,kurta,XXL,B0893FS7QX,Shipped,1,INR,248.0,NADUVANNUR,KERALA,673614,IN,"Amazon PLCC Free-Financing Universal Merchant AAT-WNKTBO3K27EJC,Amazon PLCC Free-Financing Universal Merchant AAT-QX3UCCJESKPA2,Amazon PLCC Free-Financing Universal Merchant AAT-CXJHMC2YJUK76,Amazon PLCC Free-Financing Universal Merchant AAT-SL3Y2YRMAUNFC,Amazon PLCC Free-Financing Universal Merchant AAT-CC4FAVTYR4X7C,Amazon PLCC Free-Financing Universal Merchant AAT-XXRCW6NZEPZI4,Amazon PLCC Free-Financing Universal Merchant AAT-EOKPWFWYW7Y6I,Amazon PLCC Free-Financing Universal Merchant AAT-ZYL5UPUNW6T62,Amazon PLCC Free-Financing Universal Merchant AAT-G5ZRX4BZOIODU,Amazon PLCC Free-Financing Universal Merchant AAT-YFJA6XMAMWZSK,Amazon PLCC Free-Financing Universal Merchant AAT-K66BSCE2J2V5E,Amazon PLCC Free-Financing Universal Merchant AAT-DFM4OAAQ3RGPM,Amazon PLCC Free-Financing Universal Merchant AAT-TNYBHEAO7HOHO,Amazon PLCC Free-Financing Universal Merchant AAT-BRSZZ45H6MHAO,Amazon PLCC Free-Financing Universal Merchant AAT-MKLXOOZWQL7GO,Amazon PLCC Free-Financing Universal Merchant AAT-CB7UNXEXGIJTC,Amazon PLCC Free-Financing Universal Merchant #MP-gzasho-1593152694811,Amazon PLCC Free-Financing Universal Merchant AAT-WLBA4GZ52EAH4,Amazon PLCC Free-Financing Universal Merchant AAT-QMFZ3M7T5NPDS,Amazon PLCC Free-Financing Universal Merchant #MP-pmilan-1601980554292",False,Easy Ship
49000,402-7244631-8305928,3/31/2022,Shipped,Amazon,Amazon.in,Expedited,JNE3721,JNE3721-KR-XXL,kurta,XXL,B099FCT65D,Shipped,1,INR,322.0,CHENNAI,TAMIL NADU,600042,IN,,False,
49001,406-7387241-2881923,3/31/2022,Shipped,Amazon,Amazon.in,Expedited,SET187,SET187-KR-DH-XL,Set,XL,B08B415N6S,Shipped,1,INR,599.0,BENGALURU,KARNATAKA,560090,IN,IN Core Free Shipping 2015/04/08 23-48-5-108,False,
49002,402-9332104-0945115,3/31/2022,Cancelled,Merchant,Amazon.in,Standard,JNE3383,JNE3383-KR-A-M,kurta,M,B081X2TYBM,,0,INR,416.19,GURGAON,HARYANA,122001,IN,,False,Easy Ship
49003,408-1008226-2450750,3/31/2022,Shipped,Amazon,Amazon.in,Expedited,JNE3405,JNE3405-KR-L,kurta,L,B081WSCKPQ,Shipped,1,INR,449.0,Nalasopara east,MAHARASHTRA,401209,IN,IN Core Free Shipping 2015/04/08 23-48-5-108,False,
49004,403-4108307-0229121,3/31/2022,Shipped,Amazon,Amazon.in,Expedited,SET044,SET044-KR-NP-L,Set,L,B07Q2P453R,Shipped,1,INR,542.0,HYDERABAD,TELANGANA,500024,IN,IN Core Free Shipping 2015/04/08 23-48-5-108,False,
49005,407-0339645-8708348,3/31/2022,Cancelled,Merchant,Amazon.in,Standard,JNE3797,JNE3797-KR-L,Western Dress,L,B09SDXFFQ1,,0,INR,724.76,VADAKARA,KERALA,673101,IN,,False,Easy Ship
49006,171-1556000-8993931,3/31/2022,Cancelled,Amazon,Amazon.in,Expedited,SET282,SET282-KR-PP-XXXL,Set,3XL,B09CTFP96V,Cancelled,0,,,KOLKATA,WEST BENGAL,700029,IN,,False,
49007,403-9536559-5724368,3/31/2022,Cancelled,Amazon,Amazon.in,Expedited,SET327,SET327-KR-DPT-L,Set,L,B09PN4P12Y,Cancelled,0,,,HYDERABAD,TELANGANA,500020,IN,,False,
49008,406-1810033-9165961,3/31/2022,Shipped,Amazon,Amazon.in,Expedited,J0345,J0345-SET-M,Set,M,B099NDNDD4,Shipped,1,INR,519.0,Bengaluru,KARNATAKA,560085,IN,IN Core Free Shipping 2015/04/08 23-48-5-108,False,
49009,407-3386003-0476346,3/31/2022,Shipped,Amazon,Amazon.in,Expedited,SET366,SET366-KR-NP-S,Set,S,B09QJ577FG,Shipped,1,INR,1165.0,Bhiwandi,MAHARASHTRA,421302,IN,IN Core Free Shipping 2015/04/08 23-48-5-108,False,
49010,404-0402055-4593100,3/31/2022,Shipped,Amazon,Amazon.in,Expedited,J0132,J0132-KR-L,kurta,L,B08N19RF53,Shipped,1,INR,358.0,PATNA,BIHAR,800013,IN,,False,
49011,408-4215801-4054759,3/31/2022,Shipped,Amazon,Amazon.in,Expedited,JNE3607,JNE3607-KR-XXL,kurta,XXL,B08TH4GTW9,Shipped,1,INR,417.0,VADODARA,Gujarat,390002,IN,IN Core Free Shipping 2015/04/08 23-48-5-108,False,
49012,171-6562992-0377967,3/31/2022,Shipped,Amazon,Amazon.in,Expedited,J0003,J0003-SET-M,Set,M,B0894XH3LN,Shipped,1,INR,688.0,ONGOLE,ANDHRA PRADESH,523002,IN,IN Core Free Shipping 2015/04/08 23-48-5-108,False,
49013,408-4246235-3633951,3/31/2022,Shipped,Amazon,Amazon.in,Expedited,SET345,SET345-KR-NP-L,Set,L,B09KXT4VG7,Shipped,1,INR,657.0,VADODARA,Gujarat,390014,IN,IN Core Free Shipping 2015/04/08 23-48-5-108,False,
49014,407-3336116-3765130,3/31/2022,Shipped,Amazon,Amazon.in,Expedited,JNE3803,JNE3803-KR-S,kurta,S,B09K3ZQCF9,Shipped,1,INR,453.0,CHOPDA,MAHARASHTRA,425107,IN,,False,
49015,402-2385786-4399527,3/31/2022,Shipped,Amazon,Amazon.in,Expedited,JNE3160,JNE3160-KR-G-S,kurta,S,B07K3YQLF1,Shipped,1,INR,599.0,MUMBAI,MAHARASHTRA,400092,IN,,False,
49016,406-7787738-0017126,3/31/2022,Shipped - Delivered to Buyer,Merchant,Amazon.in,Standard,JNE3797,JNE3797-KR-S,Western Dress,S,B09SDYQ3WG,Shipped,1,INR,761.0,LAKHIMPUR,UTTAR PRADESH,262701,IN,"Amazon PLCC Free-Financing Universal Merchant AAT-WNKTBO3K27EJC,Amazon PLCC Free-Financing Universal Merchant AAT-QX3UCCJESKPA2,Amazon PLCC Free-Financing Universal Merchant AAT-CXJHMC2YJUK76,Amazon PLCC Free-Financing Universal Merchant AAT-CC4FAVTYR4X7C,Amazon PLCC Free-Financing Universal Merchant AAT-XXRCW6NZEPZI4,Amazon PLCC Free-Financing Universal Merchant AAT-R7GXNZWISTRFA,Amazon PLCC Free-Financing Universal Merchant AAT-WSJLDN3X7KEMO,Amazon PLCC Free-Financing Universal Merchant AAT-VL6FGQVGQVXUS,Amazon PLCC Free-Financing Universal Merchant AAT-3NV3MZDDJ5LUA,Amazon PLCC Free-Financing Universal Merchant AAT-EOKPWFWYW7Y6I,VPC-44571-38707597 Coupon,Amazon PLCC Free-Financing Universal Merchant AAT-ZYL5UPUNW6T62,Amazon PLCC Free-Financing Universal Merchant AAT-G5ZRX4BZOIODU,Amazon PLCC Free-Financing Universal Merchant AAT-P3CSUAK4HTEP2,Amazon PLCC Free-Financing Universal Merchant AAT-ACZIPIA37BFIY,Amazon PLCC Free-Financing Universal Merchant AAT-YFJA6XMAMWZSK,Amazon PLCC Free-Financing Universal Merchant AAT-K66BSCE2J2V5E,Amazon PLCC Free-Financing Universal Merchant AAT-DFM4OAAQ3RGPM,Amazon PLCC Free-Financing Universal Merchant AAT-BRSZZ45H6MHAO,Amazon PLCC Free-Financing Universal Merchant AAT-MKLXOOZWQL7GO,Amazon PLCC Free-Financing Universal Merchant AAT-CB7UNXEXGIJTC,Amazon PLCC Free-Financing Universal Merchant #MP-gzasho-1593152694811,Amazon PLCC Free-Financing Universal Merchant AAT-WLBA4GZ52EAH4",False,Easy Ship
49017,171-5753986-2389965,3/31/2022,Shipped,Amazon,Amazon.in,Expedited,JNE3633,JNE3633-KR-XS,kurta,XS,B094FNYJJ5,Shipped,1,INR,453.0,CHENNAI,TAMIL NADU,600041,IN,,False,
49018,404-3981705-2007506,3/31/2022,Shipped,Amazon,Amazon.in,Expedited,J0341,J0341-DR-M,Western Dress,M,B099NQQ79L,Shipped,1,INR,1099.0,VADODARA,Gujarat,390012,IN,,False,
49019,408-5560315-1978715,3/31/2022,Shipped,Amazon,Amazon.in,Expedited,PJNE3373,PJNE3373-KR-N-6XL,kurta,6XL,B09LD3TCYP,Shipped,1,INR,561.0,Kolkata,WEST BENGAL,700101,IN,,False,
49020,402-9049594-1828357,3/31/2022,Shipped,Amazon,Amazon.in,Expedited,JNE3802,JNE3802-KR-L,kurta,L,B09K3THDTH,Shipped,1,INR,453.0,ANAND,Gujarat,388120,IN,,False,
49021,403-9841485-5076318,3/31/2022,Cancelled,Amazon,Amazon.in,Expedited,SET044,SET044-KR-NP-L,Set,L,B07Q2P453R,Unshipped,1,INR,542.0,HYDERABAD,TELANGANA,500024,IN,,False,
49022,171-0068078-2649972,3/31/2022,Cancelled,Merchant,Amazon.in,Standard,JNE3798,JNE3798-KR-L,Western Dress,L,B09SDX13G7,,0,INR,724.76,Vijay Pore,JAMMU & KASHMIR,184120,IN,,False,Easy Ship
49023,404-4880773-1933915,3/31/2022,Shipped,Amazon,Amazon.in,Expedited,J0328,J0328-KR-XL,kurta,XL,B09KXR4HR6,Shipped,1,INR,927.0,PUNE,MAHARASHTRA,411057,IN,IN Core Free Shipping 2015/04/08 23-48-5-108,False,
49024,403-8003726-9766721,3/31/2022,Shipped,Amazon,Amazon.in,Expedited,JNE3724,JNE3724-KR-XL,kurta,XL,B097ZZZ37J,Shipped,1,INR,495.0,PARLAKHEMUNDI,ODISHA,761200,IN,IN Core Free Shipping 2015/04/08 23-48-5-108,False,
49025,404-4290754-8559519,3/31/2022,Shipped,Amazon,Amazon.in,Expedited,JNE3368,JNE3368-KR-XL,kurta,XL,B081X921QM,Shipped,1,INR,449.0,Panoor,KERALA,670692,IN,Duplicated AYTJSBA8ZOP16 1567159860988,False,
49026,406-3720857-1381137,3/31/2022,Cancelled,Merchant,Amazon.in,Standard,MEN5011,MEN5011-KR-L,kurta,L,B08YZ243V6,,0,INR,471.43,BENGALURU,KARNATAKA,560050,IN,,False,Easy Ship
49027,405-4340666-3117107,3/31/2022,Shipped,Amazon,Amazon.in,Expedited,JNE3721,JNE3721-KR-XXL,kurta,XXL,B099FCT65D,Shipped,1,INR,322.0,KORAPUT,ODISHA,764036,IN,IN Core Free Shipping 2015/04/08 23-48-5-108,False,
49028,405-4340666-3117107,3/31/2022,Shipped,Amazon,Amazon.in,Expedited,JNE3373,JNE3373-KR-XXL,kurta,XXL,B082W8RWN1,Shipped,1,INR,364.0,KORAPUT,ODISHA,764036,IN,IN Core Free Shipping 2015/04/08 23-48-5-108,False,
49029,407-0245429-1527501,3/31/2022,Shipped,Amazon,Amazon.in,Expedited,SET269,SET269-KR-NP-L,Set,L,B0983D9C65,Shipped,1,INR,799.0,HYDERABAD,TELANGANA,500046,IN,IN Core Free Shipping 2015/04/08 23-48-5-108,False,
49030,407-8191083-9098763,3/31/2022,Shipped,Amazon,Amazon.in,Expedited,SET172,SET172-KR-PP-B-M,Set,M,B0822V3NH7,Shipped,1,INR,899.0,mumbai,MAHARASHTRA,400025,IN,,False,
49031,407-0321230-4805121,3/31/2022,Shipped,Amazon,Amazon.in,Expedited,SET239,SET239-KR-NP-S,Set,S,B08TZD8JD6,Shipped,1,INR,648.0,NEW DELHI,DELHI,110048,IN,IN Core Free Shipping 2015/04/08 23-48-5-108,False,
49032,171-8369327-5367526,3/31/2022,Shipped,Amazon,Amazon.in,Expedited,JNE3687,JNE3687-TU-L,Top,L,B098711MQX,Shipped,1,INR,549.0,Meerut,UTTAR PRADESH,250001,IN,,False,
49033,403-6099492-7475535,3/31/2022,Shipped - Delivered to Buyer,Merchant,Amazon.in,Standard,J0230,J0230-SKD-M,Set,M,B08XNJG8B1,Shipped,1,INR,999.0,BUXAR,BIHAR,802103,IN,"Amazon PLCC Free-Financing Universal Merchant AAT-WNKTBO3K27EJC,Amazon PLCC Free-Financing Universal Merchant AAT-QX3UCCJESKPA2,Amazon PLCC Free-Financing Universal Merchant AAT-CXJHMC2YJUK76,Amazon PLCC Free-Financing Universal Merchant AAT-CC4FAVTYR4X7C,Amazon PLCC Free-Financing Universal Merchant AAT-XXRCW6NZEPZI4,Amazon PLCC Free-Financing Universal Merchant AAT-R7GXNZWISTRFA,Amazon PLCC Free-Financing Universal Merchant AAT-WSJLDN3X7KEMO,Amazon PLCC Free-Financing Universal Merchant AAT-VL6FGQVGQVXUS,Amazon PLCC Free-Financing Universal Merchant AAT-EOKPWFWYW7Y6I,Amazon PLCC Free-Financing Universal Merchant AAT-ZYL5UPUNW6T62,Amazon PLCC Free-Financing Universal Merchant AAT-G5ZRX4BZOIODU,Amazon PLCC Free-Financing Universal Merchant AAT-P3CSUAK4HTEP2,Amazon PLCC Free-Financing Universal Merchant AAT-ACZIPIA37BFIY,Amazon PLCC Free-Financing Universal Merchant AAT-YFJA6XMAMWZSK,Amazon PLCC Free-Financing Universal Merchant AAT-K66BSCE2J2V5E,Amazon PLCC Free-Financing Universal Merchant AAT-DFM4OAAQ3RGPM,Amazon PLCC Free-Financing Universal Merchant AAT-BRSZZ45H6MHAO,Amazon PLCC Free-Financing Universal Merchant AAT-MKLXOOZWQL7GO,Amazon PLCC Free-Financing Universal Merchant AAT-CB7UNXEXGIJTC,Amazon PLCC Free-Financing Universal Merchant #MP-gzasho-1593152694811,Amazon PLCC Free-Financing Universal Merchant AAT-WLBA4GZ52EAH4",False,Easy Ship
49034,408-9103661-4310737,3/31/2022,Shipped,Amazon,Amazon.in,Expedited,J0119,J0119-TP-XL,Top,XL,B08RYPWC3J,Shipped,1,INR,798.0,VISAKHAPATNAM,ANDHRA PRADESH,530022,IN,IN Core Free Shipping 2015/04/08 23-48-5-108,False,
49035,406-5777791-2044350,3/31/2022,Cancelled,Amazon,Amazon.in,Expedited,SET356,SET356-KR-NP-L,Set,L,B09QJ484TV,Unshipped,1,INR,1112.0,PUNE,MAHARASHTRA,412207,IN,,False,
49036,404-2221934-5686717,3/31/2022,Shipped,Amazon,Amazon.in,Expedited,NW029,NW029-ST-SR-XXXL,Set,3XL,B0922V149M,Shipped,1,INR,495.0,NEW DELHI,DELHI,110059,IN,IN Core Free Shipping 2015/04/08 23-48-5-108,False,
49037,171-3292391-2933941,3/31/2022,Shipped,Amazon,Amazon.in,Expedited,SET182,SET182-KR-DH-XXL,Set,XXL,B085HSRZK7,Shipped,1,INR,599.0,HYDERABAD,TELANGANA,500049,IN,IN Core Free Shipping 2015/04/08 23-48-5-108,False,
49038,171-4509701-7509953,3/31/2022,Shipped,Amazon,Amazon.in,Expedited,SET361,SET361-KR-NP-S,Set,S,B09QJ4J6KJ,Shipped,1,INR,1138.0,DEHRADUN,UTTARAKHAND,248001,IN,IN Core Free Shipping 2015/04/08 23-48-5-108,False,
49039,402-7204199-7322706,3/31/2022,Shipped,Amazon,Amazon.in,Expedited,JNE3291,JNE3291-KR-XXXL,kurta,3XL,B07R5XKXL4,Shipped,1,INR,399.0,BENGALURU,KARNATAKA,560017,IN,IN Core Free Shipping 2015/04/08 23-48-5-108,False,
49040,402-7204199-7322706,3/31/2022,Shipped,Amazon,Amazon.in,Expedited,JNE3468,JNE3468-KR-XXXL,kurta,3XL,B08RP4JJPD,Shipped,1,INR,349.0,BENGALURU,KARNATAKA,560017,IN,IN Core Free Shipping 2015/04/08 23-48-5-108,False,
49041,406-0665649-2172338,3/31/2022,Shipped,Amazon,Amazon.in,Expedited,J0119,J0119-TP-XL,Top,XL,B08RYPWC3J,Shipped,1,INR,798.0,CHENNAI,TAMIL NADU,600080,IN,,False,
49042,403-6139256-3575531,3/31/2022,Shipped,Amazon,Amazon.in,Expedited,SET331,SET331-KR-NP-XL,Set,XL,B09NQ51CH7,Shipped,1,INR,627.0,BENGALURU,KARNATAKA,560100,IN,IN Core Free Shipping 2015/04/08 23-48-5-108,False,
49043,402-5986045-3269127,3/31/2022,Shipped,Amazon,Amazon.in,Expedited,JNE3643,JNE3643-TP-N-XS,Top,XS,B08ZJ6WWBC,Shipped,1,INR,259.0,MUMBAI,MAHARASHTRA,400098,IN,,False,
49044,406-6791822-4445124,3/31/2022,Shipped,Amazon,Amazon.in,Expedited,J0151,J0151-KR-L,kurta,L,B08N1C5V5M,Shipped,1,INR,495.0,GHAZIABAD,UTTAR PRADESH,201002,IN,IN Core Free Shipping 2015/04/08 23-48-5-108,False,
49045,406-6082415-9289960,3/31/2022,Shipped,Amazon,Amazon.in,Expedited,SET131,SET131-KR-NP-A-XL,Set,XL,B07X3LNT9Q,Shipped,1,INR,567.0,NEW DELHI,DELHI,110025,IN,IN Core Free Shipping 2015/04/08 23-48-5-108,False,
49046,171-2752302-3297130,3/31/2022,Shipped,Amazon,Amazon.in,Expedited,SET187,SET187-KR-DH-M,Set,M,B08B412RJH,Shipped,1,INR,599.0,RANCHI,JHARKHAND,834004,IN,IN Core Free Shipping 2015/04/08 23-48-5-108,False,
49047,402-3547933-1598701,3/31/2022,Shipped - Delivered to Buyer,Merchant,Amazon.in,Standard,JNE3822,JNE3822-KR-L,kurta,L,B09LTZR8MC,Shipped,1,INR,490.0,UDAIPUR,RAJASTHAN,313001,IN,"Amazon PLCC Free-Financing Universal Merchant AAT-WNKTBO3K27EJC,Amazon PLCC Free-Financing Universal Merchant AAT-QX3UCCJESKPA2,Amazon PLCC Free-Financing Universal Merchant AAT-CXJHMC2YJUK76,Amazon PLCC Free-Financing Universal Merchant AAT-SL3Y2YRMAUNFC,Amazon PLCC Free-Financing Universal Merchant AAT-CC4FAVTYR4X7C,Amazon PLCC Free-Financing Universal Merchant AAT-XXRCW6NZEPZI4,Amazon PLCC Free-Financing Universal Merchant AAT-R7GXNZWISTRFA,Amazon PLCC Free-Financing Universal Merchant AAT-EOKPWFWYW7Y6I,Amazon PLCC Free-Financing Universal Merchant AAT-ZYL5UPUNW6T62,Amazon PLCC Free-Financing Universal Merchant AAT-G5ZRX4BZOIODU,Amazon PLCC Free-Financing Universal Merchant AAT-P3CSUAK4HTEP2,Amazon PLCC Free-Financing Universal Merchant AAT-YFJA6XMAMWZSK,Amazon PLCC Free-Financing Universal Merchant AAT-K66BSCE2J2V5E,Amazon PLCC Free-Financing Universal Merchant AAT-DFM4OAAQ3RGPM,Amazon PLCC Free-Financing Universal Merchant AAT-BRSZZ45H6MHAO,Amazon PLCC Free-Financing Universal Merchant AAT-MKLXOOZWQL7GO,Amazon PLCC Free-Financing Universal Merchant AAT-CB7UNXEXGIJTC,Amazon PLCC Free-Financing Universal Merchant #MP-gzasho-1593152694811,Amazon PLCC Free-Financing Universal Merchant AAT-WLBA4GZ52EAH4",False,Easy Ship
49048,407-1754629-8915563,3/31/2022,Cancelled,Amazon,Amazon.in,Expedited,SET325,SET325-KR-NP-S,Set,S,B09K3KC8TQ,Cancelled,0,,,REWA,MADHYA PRADESH,486001,IN,,False,
49049,407-9937296-0828312,3/31/2022,Shipped,Amazon,Amazon.in,Expedited,SET073,SET073-KR-SHA-M,Set,M,B07V6ZF279,Shipped,1,INR,791.0,Gaya,BIHAR,823001,IN,IN Core Free Shipping 2015/04/08 23-48-5-108,False,
